DATEPRD,AVG_DOWNHOLE_PRESSURE,AVG_DOWNHOLE_TEMPERATURE,BORE_OIL_VOL,AVG_WHP_P,AVG_ANNULUS_PRESS,ANNULUS_FILLED,WINDOW
2008-02-13,303.033518125,105.57433902849137,1869.7,120.88857604166667,16.466641041666666,0,baseline
2008-02-14,295.58606133333336,105.77548622222223,3124.09,113.71817466666667,12.659589111111112,0,baseline
2008-02-15,297.66270211663067,105.75187535637149,2608.28,116.83064166306696,5.264051706263499,0,baseline
2008-02-16,295.9355189583333,105.811114375,3051.8,115.43447416666666,12.384633541666666,0,baseline
2008-02-17,295.5516572916667,105.83129916666667,2982.63,115.20587645833334,14.384565208333333,0,baseline
2008-02-18,294.21106282608696,105.86646695652173,2980.52,113.2818152173913,15.980444130434783,0,baseline
2008-02-19,293.829243125,105.86795833333333,3046.19,113.76912791666666,18.811254375,0,baseline
2008-02-20,293.0614802083333,105.87933021276596,3057.18,113.39973666666667,19.740757234042555,0,baseline
2008-02-21,292.5402470833333,105.88343395833333,3030.33,113.10635208333333,19.431675208333335,0,baseline
2008-02-22,292.36155884690953,105.88229316314596,2907.56,113.07932925762232,1.0385930394233913,0,baseline
2008-02-24,290.54162541666665,105.90578958333333,3126.7,111.18693166666667,8.582714375,0,baseline
2008-02-25,290.2081439583333,105.8956975,3045.54,111.44973583333334,12.3043675,0,baseline
2008-02-26,289.53618458333335,105.90156645833333,3046.54,110.93350979166667,12.506407083333333,0,baseline
2008-02-27,288.93326291666665,105.90246333333333,3035.54,110.32551666666667,12.375716666666667,0,baseline
2008-02-28,288.8482654034959,105.89608038428321,2971.55,110.62871036087053,10.149501590093406,0,baseline
2008-02-29,287.5143464583333,105.906833125,3070.54,109.446906875,11.423948541666666,0,baseline
2008-03-01,286.89159270833335,105.90908916666666,3068.48,108.82683041666667,11.15552625,0,baseline
2008-03-02,286.2646760416667,105.91060979166667,3066.54,108.32104791666667,11.222632708333334,0,baseline
2008-03-03,285.7278645833333,105.91012166666667,3043.54,108.05924354166666,10.866487916666667,0,baseline
2008-03-04,285.38199645833333,105.90365333333334,2983.19,108.07511520833333,9.828944791666666,0,baseline
2008-03-05,284.82887520833333,105.901836875,2967.05,107.86928604166667,9.322769583333333,0,baseline
2008-03-06,284.29474416666665,105.89892395833333,2950.88,107.31038708333334,9.113609583333334,0,baseline
2008-03-07,284.4236820464207,105.87815328384866,2656.62,107.75368845286255,6.275873780184494,0,baseline
2008-03-08,284.41314560476957,105.87122208381739,2578.48,108.03144662615652,4.590883575517391,0,baseline
2008-03-09,282.38606708333333,105.90461208333333,2996.83,105.929501875,8.581735625,0,baseline
2008-03-10,281.52225791666666,105.90640479166667,3021.4,105.28964604166667,9.011776458333333,0,baseline
2008-03-11,280.89443895833335,105.90751458333334,3010.4,104.81075833333334,8.933146041666667,0,baseline
2008-03-12,281.0849126182965,105.89505798107255,2794.44,105.05287027339642,6.6953580757097795,0,baseline
2008-03-13,279.48820041666664,105.91619208333333,3058.89,103.44132125,8.6407475,0,baseline
2008-03-14,279.1117827797153,105.911560155358,2964.81,103.21944343405917,7.824437615869198,0,baseline
2008-03-15,277.9511014583333,105.91543125,3131.37,102.14000020833333,8.8183275,0,baseline
2008-03-16,277.2925220833333,105.91714041666667,3135.37,101.73907708333333,8.410489375,0,baseline
2008-03-17,276.5644272916667,105.92080104166666,3143.37,101.29906770833334,8.006294583333334,0,baseline
2008-03-18,275.9827633333333,105.91885083333334,3132.37,100.91081291666667,7.753214375,0,baseline
2008-03-19,275.36289,105.91795270833333,3139.62,100.45982625,7.4758997916666665,0,baseline
2008-03-20,274.79269416666665,105.91529458333333,3156.67,100.12426729166667,6.968092708333334,0,baseline
2008-03-21,274.07213145833333,105.91596291666667,3192.14,99.573733125,6.696183541666667,0,baseline
2008-03-22,273.4561072916667,105.91546583333333,3172.12,99.17249604166666,6.462107916666667,0,baseline
2008-03-23,272.8807791666667,105.91282166666667,3160.26,98.79285979166667,6.287791041666667,0,baseline
2008-03-24,272.2367566666667,105.91278583333333,3153.35,98.40192666666667,4.956670833333333,0,baseline
2008-03-25,271.6835775,105.910075,3130.58,98.039305625,14.906444166666667,0,baseline
2008-03-29,271.4679408510638,105.87037574468086,3137.26,97.27687106382979,6.743923191489362,0,baseline
2008-04-01,270.35961895833333,105.88914770833334,3060.6,97.43138416666666,11.469455,0,baseline
2008-04-02,269.64498145833335,105.8938425,3053.67,96.65849041666667,12.749728541666666,0,baseline
2008-04-03,268.861676875,105.89730333333333,3103.12,96.11653229166667,13.189178125,0,baseline
2008-04-04,268.1804975,105.89705395833333,3110.68,95.69058604166666,13.2729475,0,baseline
2008-04-05,267.456426875,105.894669375,3303.3,95.14026958333334,13.266147291666666,0,baseline
2008-04-06,266.85520041666666,105.88659041666666,3028.41,94.78838479166667,13.261453333333334,0,baseline
2008-04-07,266.4763933333333,105.87188041666667,2998.8,94.73985791666667,13.148674791666666,0,baseline
2008-04-08,265.8998741666667,105.86069083333334,3054.12,94.54419041666667,13.064404791666666,0,baseline
2008-04-09,265.3951304166667,105.85311104166666,3025.8,94.21746708333333,12.985788958333334,0,baseline
2008-04-10,264.9207029787234,105.84648425531915,3003.22,93.81179744680851,12.916430212765958,0,baseline
2008-04-11,264.33433,105.840110625,3015.97,93.62225645833334,12.716293541666667,0,baseline
2008-04-14,265.6112954166667,105.6165925,2578.63,83.88394770833334,6.660095208333333,0,baseline
2008-04-15,263.6763463329865,105.81841322321014,2494.26,93.03739752580373,10.545677044846618,0,baseline
2008-04-16,263.01012607283184,105.64635186289084,2847.56,92.99972604998787,11.030188760688485,0,baseline
2008-04-18,263.1737115188668,105.78555850157136,2448.14,92.88439537693013,7.94042125401692,0,baseline
2008-04-19,263.1419007844741,105.7766075477225,2513.65,93.0214783483863,9.924784166844619,0,baseline
2008-04-20,262.1704129166667,105.78688166666667,2752.75,92.63852645833333,11.18001375,0,baseline
2008-04-21,261.610255,105.78262708333334,2752.3,92.32563625,11.256799166666667,0,baseline
2008-04-22,261.11465395833335,105.77734729166667,2737.24,92.16888729166666,11.1599625,0,baseline
2008-04-23,260.55793520833333,105.77106875,2735.53,91.85997979166666,11.010634583333333,0,baseline
2008-04-24,260.1265817021277,105.76913127659574,2730.33,91.57752978723404,10.907252978723404,0,baseline
2008-04-25,260.523110625,105.78107645833333,2727.65,91.77847916666667,10.937146875,0,baseline
2008-04-26,261.1412585416667,105.79446541666667,2747.01,92.23985458333334,10.915416666666667,0,baseline
2008-04-30,261.28155145833335,105.77952354166666,3011.83,90.86234625,7.151377708333333,0,baseline
2008-05-01,260.78862,105.83854541666666,3167.59,90.66983479166667,10.633673333333334,0,baseline
2008-05-02,261.179134375,105.85250083333334,3163.92,90.771511875,11.451309583333334,0,baseline
2008-05-03,261.6092629166667,105.86265208333333,3173.19,91.06007666666666,11.855417083333334,0,baseline
2008-05-04,262.08819020833334,105.87273,3188.85,91.37104229166667,12.023132291666666,0,baseline
2008-05-05,262.652684375,105.88165333333333,3186.96,91.71592916666667,12.268680416666667,0,baseline
2008-05-06,263.0432495833333,105.8866975,3176.89,91.80668229166666,12.532499375,0,baseline
2008-05-07,263.48809166666666,105.893396875,3171.32,92.1028,12.593843541666667,0,baseline
2008-05-08,263.91874916666666,105.90165375,3170.85,92.39703520833334,12.716155,0,baseline
2008-05-09,264.351059375,105.90839375,3188.02,92.77923791666667,12.817577916666666,0,baseline
2008-05-10,264.227475,105.91762041666667,3415.68,91.578681875,13.349437916666666,0,baseline
2008-05-11,264.08789,105.91898,3701.51,89.61217458333333,14.155385208333334,0,baseline
2008-05-12,264.08789,105.91898,4002.28,87.64393127659575,14.628508936170213,0,baseline
2008-05-13,264.08789,105.91898,4253.12,85.86815361702128,15.169232765957446,0,baseline
2008-05-14,264.08789,105.91898,4279.91,85.74596,15.354737291666666,0,baseline
2008-05-15,264.08789,105.91898,4439.62,84.42725541666667,15.703747083333333,0,baseline
2008-05-16,264.08789,105.91898,4582.9,83.44809,15.924326458333333,0,baseline
2008-05-17,264.08789,105.91898,4677.42,82.82855333333333,15.919254375,0,baseline
2008-05-18,264.08789,105.91898,4688.63,82.84034166666666,15.687664791666666,0,baseline
2008-05-19,264.08789,105.91898,4687.74,82.92829333333333,15.806983541666666,0,baseline
2008-05-20,297.6459697916667,105.57433902849137,4885.56,81.26395729166667,16.087013541666668,0,baseline
2008-05-21,257.2,105.57433902849137,5013.12,80.17116,16.3650325,0,baseline
2008-05-22,258.14605958333334,106.08248895833333,5017.55,80.22038395833333,16.431950416666666,0,baseline
2008-05-23,258.33252270833333,106.14487625,5019.23,80.20215395833333,16.468540833333332,0,baseline
2008-05-24,258.339496875,106.14994958333334,5034.28,80.17285791666667,16.468244791666667,0,baseline
2008-05-25,258.3098160416667,106.15579270833334,5045.72,80.017106875,16.541159375,0,baseline
2008-05-26,258.316348125,106.161113125,5053.01,79.961259375,16.287065208333335,0,baseline
2008-05-27,257.975446875,106.22877770833334,5065.87,79.97036833333334,16.17432,0,baseline
2008-05-28,258.4236110416667,106.17195916666667,5072.27,80.160159375,16.017344791666666,0,baseline
2008-05-29,258.45708979166665,106.17610895833333,5086.33,80.200285625,15.986713333333334,0,baseline
2008-05-30,260.6458497591284,106.15840587602709,3869.22,83.32323235847258,15.655488568013443,0,baseline
2008-06-03,259.0873539624423,106.16301365806954,4999.75,0.0,12.23382604247566,0,baseline
2008-06-04,258.4640527083333,106.1684125,5067.01,1.0297385416666667,13.167046458333333,0,baseline
2008-06-05,258.422451875,106.17518833333334,5040.47,67.02729729166667,13.687238958333333,0,baseline
2008-06-06,258.5171222916667,106.18150854166667,5058.13,80.30339375,13.862924166666666,0,baseline
2008-06-07,258.634306875,106.18602145833333,5057.56,80.20800708333333,14.043703333333333,0,baseline
2008-06-08,258.64955145833335,106.19175458333333,5070.12,80.15293791666667,14.028066875,0,baseline
2008-06-09,258.706738125,106.196510625,5081.36,80.25815708333333,13.964694583333333,0,baseline
2008-06-10,258.75828020833336,106.20104833333333,5081.78,80.19154604166667,13.904241458333333,0,baseline
2008-06-11,258.3180360416667,106.1953875,5087.06,79.94788666666666,13.796805,0,baseline
2008-06-12,257.2102972916667,106.178721875,5060.12,79.39988541666666,13.535714375,0,baseline
2008-06-13,256.56342229166665,106.175549375,5032.29,79.03506083333333,13.375660416666667,0,baseline
2008-06-14,259.0030253842801,106.15823234023348,4332.16,81.68925799855911,11.666209545844184,0,baseline
2008-06-15,256.6373745833333,106.19137375,5087.53,78.75012708333334,13.478296041666667,0,baseline
2008-06-16,256.86490104166666,106.20034416666667,5102.25,78.83392916666666,13.615031666666667,0,baseline
2008-06-17,257.12225520833334,106.20828833333333,5102.84,79.16552458333334,13.571802291666666,0,baseline
2008-06-18,257.43948625,106.21543854166667,5135.06,79.36020854166667,13.560247083333334,0,baseline
2008-06-19,257.7484185106383,106.22251914893617,5140.62,79.4754759574468,13.605035319148936,0,baseline
2008-06-20,259.6501121585778,106.20839088677835,4721.66,81.98353480962348,12.9316467951503,0,baseline
2008-06-21,258.762320625,106.21863520833334,5037.62,80.458586875,13.703889375,0,baseline
2008-06-22,258.42909936170213,106.23389446808511,5147.1,79.81491085106383,13.676688723404256,0,baseline
2008-06-23,258.84896354166665,106.23984583333333,5114.6,80.05422770833333,13.802399791666666,0,baseline
2008-06-24,259.1241759574468,106.24647872340425,5123.74,80.1057440425532,13.985570638297872,0,baseline
2008-06-25,259.3143972916667,106.25217208333333,5135.48,80.38986770833333,14.022246875,0,baseline
2008-06-27,259.66196791666664,106.25255625,5126.41,80.422041875,13.92346875,0,baseline
2008-06-28,259.611093125,106.25772708333334,5075.74,80.49480729166666,14.164430208333334,0,baseline
2008-06-29,259.68716270833335,105.57433902849137,5121.12,80.209785,13.963770625,0,baseline
2008-06-30,245.400054375,105.57433902849137,4372.28,85.7243925,13.223955208333333,0,baseline
2008-07-01,264.333096155768,106.18765960327636,3980.51,87.22609674880198,11.737364509279267,0,baseline
2008-07-02,260.339775625,106.261546875,5114.67,81.131885625,13.296069166666667,0,baseline
2008-07-03,260.493821875,106.26894208333333,5083.67,81.39691354166666,14.015018958333334,0,baseline
2008-07-04,260.6658247916667,106.27400375,5080.84,81.31481333333333,14.216964375,0,baseline
2008-07-05,260.7923670833333,106.2790425,5086.26,81.277629375,14.284417708333333,0,baseline
2008-07-06,260.88503125,106.28360416666666,5087.7,81.35345958333333,14.294287708333334,0,baseline
2008-07-07,260.9390422916667,106.28537895833334,5094.92,81.50145229166667,14.27634625,0,baseline
2008-07-08,261.1518702083333,106.292826875,5095.75,81.670954375,14.2399625,0,baseline
2008-07-09,261.37445104166665,106.29743395833333,5094.03,81.57146979166667,14.452688333333333,0,baseline
2008-07-10,261.49006226851435,106.29819559101966,4621.52,81.68432999386384,14.518632142493193,0,baseline
2008-07-13,264.30540520833335,106.19826125,4169.38,87.266025625,10.422329583333333,0,baseline
2008-07-14,264.45629102209034,106.16371974393549,3818.8,88.71456093476559,11.076639311772043,0,baseline
2008-07-15,260.2196670212766,106.18946638297872,4304.71,83.96476255319149,12.679448936170212,0,baseline
2008-07-16,263.3040158333333,106.11649083333333,3526.92,89.771568125,11.592778333333333,0,baseline
2008-07-17,264.5800589583333,106.09050375,3341.55,91.623418125,11.111368541666666,0,baseline
2008-07-18,265.2876827083333,106.07798645833333,3215.85,92.67383229166667,10.838337708333333,0,baseline
2008-07-19,265.65083979166667,106.070994375,3176.28,93.17206375,10.575766875,0,baseline
2008-07-20,265.732695,106.06996229166667,3186.03,93.17507916666666,10.461562083333334,0,baseline
2008-07-21,265.75697979166665,106.07010458333333,3182.55,93.22718041666667,10.436715416666667,0,baseline
2008-07-22,265.84783604166665,106.06947166666667,3166.64,93.244709375,10.573690208333334,0,baseline
2008-07-23,265.84632791666667,106.07027104166667,3148.96,93.32294645833333,10.533507708333333,0,baseline
2008-07-24,265.8505802083333,106.06934270833334,3148.89,93.299449375,10.511541666666666,0,baseline
2008-07-25,265.9114627083333,106.06994625,3163.29,93.46615229166666,10.445166666666667,0,baseline
2008-07-26,266.022489375,106.070606875,3145.11,93.57462604166666,10.482964375,0,baseline
2008-07-27,266.0745275,106.05677395833334,3177.3,93.60010041666666,10.52579125,0,baseline
2008-07-28,266.15421833333335,106.07231791666666,3143.1,93.55379354166666,10.616665,0,baseline
2008-07-29,265.13258479166666,106.08684291666667,3346.15,92.06623645833334,10.798925,0,baseline
2008-07-30,270.571333125,106.00616645833334,2434.33,98.52557083333333,8.508557291666667,0,baseline
2008-07-31,271.247833125,105.937885625,2316.52,97.74839145833333,6.121139583333333,0,baseline
2008-08-01,267.5737252083333,106.06380125,2976.42,95.34029333333334,9.808947291666666,0,baseline
2008-08-02,267.47130166666665,106.06821770833334,3031.55,90.503135625,9.567451875,0,baseline
2008-08-03,267.4816122916667,106.06763875,2993.48,95.147866875,10.135866458333334,0,baseline
2008-08-04,267.32554125,105.99067604166666,3093.31,94.96825583333333,10.149073125,0,baseline
2008-08-05,267.40197270833335,106.066228125,2998.53,94.96899645833334,10.171318541666666,0,baseline
2008-08-09,261.38376208333335,106.109955625,4060.24,85.51176416666667,8.869626666666667,0,baseline
2008-08-10,259.03140125,106.15793333333333,4349.22,83.47654333333334,11.856051041666667,0,baseline
2008-08-11,258.1155645833333,106.16493645833333,4412.46,82.6226425,12.251472083333333,0,baseline
2008-08-12,256.948674893617,106.17366106382978,4418.03,81.4688740425532,12.58493255319149,0,baseline
2008-08-13,256.47801208333334,106.17159229166667,4448.97,81.24952416666666,12.376515416666667,0,baseline
2008-08-14,256.92322270833336,106.15948104166667,4353.59,81.95372270833333,11.902426458333334,0,baseline
2008-08-15,254.87048020833333,106.18251041666667,4499.01,79.84280708333333,12.366870833333333,0,baseline
2008-08-16,250.17287270833333,106.24531854166666,5479.4,73.12758729166667,12.736357708333333,0,baseline
2008-08-17,249.00455333333332,106.25514020833333,5443.61,72.64584791666667,12.537426458333334,0,baseline
2008-08-18,247.94722479166666,106.252333125,5374.18,72.44522020833334,12.325005416666666,0,baseline
2008-08-19,247.15030083333335,106.25187708333333,5315.03,72.13441833333333,12.164654166666667,0,baseline
2008-08-20,246.26122520833334,106.2531975,4980.89,71.47352125,12.119949791666667,0,baseline
2008-08-21,248.75994604166667,106.21220541666666,4450.0,75.73754125,11.514431666666667,0,baseline
2008-08-22,262.70779645833335,105.98544458333333,2049.86,94.16646333333334,7.3792425,0,baseline
2008-08-23,264.05299083333335,105.97223770833334,2059.29,95.05632479166667,7.145564375,0,baseline
2008-08-24,265.06799020833336,105.97430166666666,2080.27,95.88493895833334,7.515969166666666,0,baseline
2008-08-25,266.07434020833335,105.98177729166666,2089.77,96.51292291666667,12.466870625,0,baseline
2008-08-26,267.07084291666666,105.99709,2093.46,96.96646875,12.684255,0,baseline
2008-08-27,267.486543125,105.99318229166667,2084.4,97.25291541666667,12.622829583333333,0,baseline
2008-08-28,267.0986886823584,105.97747931072188,2086.63,96.79042408760165,12.493636144031848,0,baseline
2008-08-29,266.3847354166667,105.98285208333333,2189.55,96.19147479166666,13.271568958333333,0,baseline
2008-08-30,266.99530166666665,105.97159083333334,2058.63,97.03449708333333,12.659081875,0,baseline
2008-09-01,267.85562791666666,105.95782145833333,2029.12,97.54393645833333,11.179613541666667,0,baseline
2008-09-07,268.6969383333333,105.96082916666667,2173.11,97.43807708333334,8.602781875,0,baseline
2008-09-10,273.5455157627119,105.57433902849137,1181.97,97.28397271186441,2.7851274152542373,0,baseline
2008-09-11,260.00066531914894,106.0605274468085,4067.32,87.29570893617021,12.499343541666667,0,baseline
2008-09-12,259.2020970212766,106.06172340425532,3735.86,87.57455446808511,14.771970212765957,0,baseline
2008-09-13,256.7080477083333,106.06625854166667,4057.56,85.24866875,15.355812291666666,0,baseline
2008-09-14,255.08728041666666,106.06671791666666,4036.38,84.21732979166667,15.873410833333333,0,baseline
2008-09-15,253.33259541666666,106.068135,4046.64,82.85441583333333,15.933652708333334,0,baseline
2008-09-16,251.53166166666668,106.06169875,4004.96,81.79710520833333,15.835475208333333,0,baseline
2008-09-17,249.43235958333332,106.05296166666666,3937.38,80.646851875,15.610239791666666,0,baseline
2008-09-18,253.17926458333332,105.947398125,2503.26,85.064448125,12.015160208333333,0,baseline
2008-09-19,251.716030625,105.96122666666666,2551.19,84.24060208333333,11.703934166666667,0,baseline
2008-09-20,245.81575708333332,106.01503479166666,3605.75,79.23236229166666,14.002790833333334,0,baseline
2008-09-21,245.887082076145,105.99384930272761,2858.81,79.54864732278565,12.632838917495915,0,baseline
2008-09-23,241.21243122982486,106.04827849945815,3652.8,75.4413820280046,14.167069593818548,0,baseline
2008-09-24,239.90318104166667,106.04879625,3629.3,74.65443583333334,14.585149166666667,0,baseline
2008-09-25,240.83559125,106.013143125,3389.78,76.29883729166667,13.867970208333332,0,baseline
2008-09-26,237.6129325,106.04809020833333,3575.59,73.085541875,14.3303175,0,baseline
2008-09-27,239.53002833333332,106.03044958333334,3174.51,75.005763125,13.187325625,0,baseline
2008-09-28,238.2146,106.03235041666667,3371.21,74.00110541666666,13.597248541666668,0,baseline
2008-09-29,236.52228479166666,106.045924375,3512.44,72.47162875,13.927809791666666,0,baseline
2008-09-30,236.111145,106.052625625,3627.46,72.05886520833333,14.034141041666667,0,baseline
2008-10-01,235.13481770833334,106.0636775,3606.89,71.12154229166667,14.164200208333334,0,baseline
2008-10-02,234.69692541666666,106.06306083333334,3319.85,70.94331541666666,14.022175625,0,baseline
2008-10-03,234.16510375,106.06222770833334,3593.88,70.749684375,13.827047083333333,0,baseline
2008-10-04,241.52455520833334,105.95504895833334,2463.91,77.030368125,11.01612,0,baseline
2008-10-05,233.89183916666667,106.04434583333334,3377.17,70.617391875,12.815502708333334,0,baseline
2008-10-06,242.24603050639539,105.92143455741953,2126.84,78.94033399970179,10.826460319047666,0,baseline
2008-10-07,239.51645770833332,105.95135083333334,2726.28,77.14511604166667,11.826978958333333,0,baseline
2008-10-08,239.48503520833333,105.95146479166667,2719.29,77.07062354166666,12.023896041666667,0,baseline
2008-10-09,239.479765625,105.95117020833334,2713.82,77.18068520833333,12.087379375,0,baseline
2008-10-10,239.41732645833332,105.951540625,2720.48,77.21697979166666,11.955986041666666,0,baseline
2008-10-11,239.16746125,105.95181625,2739.75,76.93749541666666,11.815253541666667,0,baseline
2008-10-12,238.34125229166668,105.97195645833334,2824.96,75.8032925,12.305151666666667,0,baseline
2008-10-13,238.30225875,105.96828770833334,2827.75,75.944685625,12.261360208333333,0,baseline
2008-10-14,238.35967708333334,105.97109270833333,2829.21,75.92191520833333,12.280618125,0,baseline
2008-10-15,238.33568354166667,105.97432916666666,2825.33,76.088250625,12.269326875,0,baseline
2008-10-16,238.34630208333334,105.97455583333333,2825.29,76.03896895833333,12.152049166666666,0,baseline
2008-10-17,238.30563458333333,105.97449354166666,2832.05,76.0322025,12.133439583333333,0,baseline
2008-10-19,239.87608770833333,105.97497625,2714.13,77.16637145833333,11.931184166666666,0,baseline
2008-10-20,240.73732125,105.950405625,2664.34,78.44582479166667,11.454209583333334,0,baseline
2008-10-21,241.078084375,105.95144395833333,2653.43,78.7081175,11.499521458333334,0,baseline
2008-10-22,234.77111125,106.04596270833333,3420.75,72.05391895833333,11.306384166666666,0,baseline
2008-10-23,235.27562416666666,106.06097875,3363.1,72.49144291666667,13.267788333333334,0,baseline
2008-10-24,234.73080041666665,106.0742625,3426.21,71.83639291666667,13.411805625,0,baseline
2008-10-25,234.08971666666667,106.0937825,3524.62,71.061138125,13.522130625,0,baseline
2008-10-26,233.6646376,106.1120796,3836.99,70.2835812,13.8119036,0,baseline
2008-10-27,233.86688833333332,106.11848291666666,3622.02,70.40640291666666,13.814361458333334,0,baseline
2008-10-28,234.18498979166668,106.120993125,3728.48,70.73781020833333,13.825061041666666,0,baseline
2008-10-29,238.97831062013228,106.0658236487074,2822.93,75.12675518339063,12.463042595323367,0,baseline
2008-10-30,235.70808875,106.08818125,3471.47,72.46468,12.929805,0,baseline
2008-10-31,234.49411291666667,106.09679229166667,3515.61,71.295701875,13.601027083333333,0,baseline
2008-11-01,238.2832305888889,106.05314484444445,2758.29,74.13077577777777,12.41441461111111,0,baseline
2008-11-02,230.61700020833334,106.13394916666667,4443.46,65.79749916666667,12.81342625,0,baseline
2008-11-03,224.533323125,106.257124375,4938.78,57.842903125,14.774941875,0,baseline
2008-11-04,223.53044791666667,106.29061354166667,5124.32,56.325687083333335,14.916837708333333,0,baseline
2008-11-05,222.953465625,106.30861708333333,5188.07,55.961018958333334,14.813370833333334,0,baseline
2008-11-06,222.611678125,106.31774604166667,5204.11,55.835664791666666,14.60294875,0,baseline
2008-11-07,221.626248125,106.34246770833333,5136.25,54.27439916666667,14.582423541666667,0,baseline
2008-11-08,221.65820770833332,106.35323666666666,5141.34,54.321162083333334,14.6380975,0,baseline
2008-11-09,221.99676,106.36096479166666,5114.03,54.734161666666665,14.695939791666667,0,baseline
2008-11-10,222.58290208333332,106.363385625,5059.68,55.5245675,14.718227083333334,0,baseline
2008-11-11,222.714530625,106.371053125,5076.6,55.55675375,14.753438333333333,0,baseline
2008-11-12,222.860335625,106.37847229166667,5065.13,55.296787916666666,14.906354583333334,0,baseline
2008-11-13,222.986868125,106.38521541666667,5083.98,55.628339375,14.914940416666667,0,baseline
2008-11-14,223.15665333333334,106.39283895833333,5106.19,55.787276041666665,14.876185416666667,0,baseline
2008-11-15,223.43049416666668,106.39818395833333,5097.33,55.9677725,14.889749791666667,0,baseline
2008-11-16,223.44530458333332,106.40116229166667,5082.14,55.866218333333336,14.895467083333333,0,baseline
2008-11-17,223.51687361702128,106.40634638297873,5076.81,56.109958085106385,14.892234042553191,0,baseline
2008-11-18,223.4282125,106.40757333333333,5074.4,55.955677083333335,14.814990416666667,0,baseline
2008-11-19,221.75460979166667,106.413870625,5223.41,53.85916770833333,14.724745208333333,0,baseline
2008-11-20,222.21034366492145,106.41829507853403,5116.54,54.58055287958115,14.72651329842932,0,baseline
2008-11-22,223.6400175,106.42260520833334,5033.51,56.05049666666667,14.862992708333334,0,baseline
2008-11-23,226.08429458333333,106.39494833333333,4831.15,59.55991291666667,14.880935416666667,0,baseline
2008-11-24,224.08189729166668,106.40951479166667,4971.19,56.952336875,14.849335416666667,0,baseline
2008-11-25,223.72017854166666,106.43234145833334,5062.55,56.022505625,14.993682291666667,0,baseline
2008-11-26,223.32468166666666,106.45304083333333,5145.94,55.114252291666666,15.097283541666666,0,baseline
2008-11-27,223.08282416666665,106.47122979166667,5200.4,54.58447708333333,15.064492083333333,0,baseline
2008-11-28,243.63108583333334,106.2561225,2897.09,78.57883708333334,13.058626875,0,baseline
2008-11-29,230.67535895833333,106.38869,4853.4,62.64368833333333,13.89156125,0,baseline
2008-11-30,225.87569645833332,106.49643208333333,5255.58,56.092433541666665,15.566688333333333,0,normal
2008-12-01,228.74051166666666,106.48630104166666,5095.38,59.34125041666667,15.388943125,0,normal
2008-12-02,228.336899375,106.504850625,5276.15,57.77541875,15.295461458333333,0,normal
2008-12-03,227.37330208333333,106.53637375,5333.02,56.78943395833333,15.861996875,0,normal
2008-12-04,227.92173291666666,106.54481145833333,5434.56,57.686680625,15.725812083333333,0,normal
2008-12-05,230.110725625,106.535734375,5209.39,60.37969875,15.633798958333333,0,normal
2008-12-06,230.25778333333332,106.545700625,5292.17,59.516397708333336,16.012720416666667,0,normal
2008-12-07,231.711970625,106.54102875,5322.5,60.422305,16.192268333333335,0,normal
2008-12-08,233.12659875,106.53304979166667,5241.8,62.01235,16.253213125,0,normal
2008-12-09,233.02681979166667,106.52931104166667,5277.55,61.684668125,16.273944375,0,normal
2008-12-10,233.361205,106.53616354166667,5286.4,61.86963958333333,16.309189583333332,0,normal
2008-12-11,235.81893104166667,106.51648979166667,5126.1,64.96997458333334,16.175184583333333,0,normal
2008-12-12,234.93919604166666,106.52965770833333,5239.81,63.772301875,16.247700833333333,0,normal
2008-12-13,235.414190625,106.53685895833334,5281.86,64.00491479166666,16.137771458333333,0,normal
2008-12-14,236.03564166666666,106.54536354166666,5302.74,64.24893645833333,16.293762291666667,0,normal
2008-12-15,236.53373166666665,106.55050854166667,5270.91,64.48741270833334,16.504201041666665,0,normal
2008-12-16,236.9656475,106.56011916666667,5300.99,64.51100041666666,16.595259791666667,0,normal
2008-12-17,237.5383025,106.56701458333333,5338.2,64.51560166666667,16.812111875,0,normal
2008-12-18,238.352396875,106.57417375,5377.18,64.93682729166666,16.909776666666666,0,normal
2008-12-19,238.97259770833332,106.58039416666666,5386.94,65.16175520833333,17.095203541666667,0,normal
2008-12-20,239.684515,106.586269375,5417.44,65.28330333333334,17.098882708333335,0,normal
2008-12-21,240.38795145833333,106.5920975,5472.22,65.76852583333333,17.2722975,0,normal
2008-12-22,241.1169275,106.597590625,5497.25,65.78108416666667,17.516955,0,normal
2008-12-23,241.97611104166666,106.60246145833334,5513.05,66.415401875,17.729539166666665,0,normal
2008-12-24,243.00381354166666,106.60279354166667,5508.26,67.024348125,17.916402291666667,0,normal
2008-12-25,243.919200625,106.60498833333334,5491.41,68.08325083333334,17.93088291666667,0,normal
2008-12-26,244.82148895833333,106.60628,5497.48,68.63695833333334,18.018821041666666,0,normal
2008-12-27,245.5719855319149,106.60867914893618,5571.07,68.64853,18.146167446808512,0,normal
2008-12-28,246.56133458333332,106.60944083333334,5495.65,69.54656791666666,18.182945208333333,0,normal
2008-12-29,247.32478083333334,106.611595,5507.18,70.02636479166667,18.162953333333334,0,normal
2008-12-30,248.07791229166668,106.6145125,5527.55,70.37988854166667,18.405081458333335,0,normal
2008-12-31,248.82555125,106.61786645833334,5547.46,70.43783416666666,18.648226041666668,0,normal
2009-01-01,249.77110083333332,106.61657875,5556.56,71.01773895833334,18.624548541666666,0,normal
2009-01-02,250.67662,106.61701854166667,5555.73,71.7093025,18.665138541666668,0,normal
2009-01-03,250.93640104166667,106.61393875,5727.05,71.76941833333333,18.631816666666666,0,normal
2009-01-04,250.57631458333333,106.60773145833333,5589.89,71.30249625,18.598661875,0,normal
2009-01-05,250.81548354166668,106.62075833333333,5629.04,71.04531083333333,18.757256458333334,0,normal
2009-01-06,250.89397139329807,106.34191102292769,4672.3,77.93510458652936,16.305090705604865,0,normal
2009-01-13,257.5556133333333,105.57433902849137,5110.2,82.73932083333334,18.665679166666667,0,normal
2009-01-14,260.66704854166665,106.5756725,5267.76,81.35974645833333,19.097672708333334,0,normal
2009-01-15,261.6685929166667,106.57391625,4526.49,82.84342375,18.836766666666666,0,normal
2009-01-16,262.386665625,106.57569604166666,4385.0,83.51166708333334,18.569974791666667,0,normal
2009-01-17,264.15938208333336,106.565234375,4234.92,85.472854375,18.474474375,0,normal
2009-01-18,263.9414291666667,106.58035645833333,4352.4,84.63772229166666,18.725196875,0,normal
2009-01-19,264.0293760416667,106.59423,4426.35,84.26437729166666,19.033422708333333,0,normal
2009-01-20,265.177344375,106.59033333333333,4298.53,85.55084666666667,19.032745833333333,0,normal
2009-01-21,266.66322357157634,106.58113589384865,4123.6,87.06702159701709,18.634604070266523,0,normal
2009-01-22,266.4234652273422,106.57778075898973,4350.84,86.16910815643278,17.2128411523773,0,normal
2009-01-23,265.4564683333333,106.599499375,4499.42,84.72644208333334,18.879319583333334,0,normal
2009-01-24,266.077468125,106.604959375,4473.36,85.18452854166667,19.102802083333334,0,normal
2009-01-25,266.5833997916667,106.61625958333333,4494.66,85.48351958333333,19.040041666666667,0,normal
2009-01-26,267.3801697916667,106.61803479166667,4425.1,86.23723895833334,18.942094375,0,normal
2009-01-27,267.9319341666667,106.618634375,4425.36,86.63608333333333,19.03645125,0,normal
2009-01-28,267.25565416666666,106.63501583333333,4967.11,84.72024041666667,19.387636041666667,0,normal
2009-01-29,264.551729375,106.6653375,5586.1,80.62369791666667,19.548484583333334,0,normal
2009-01-30,267.989546875,106.60912041666667,4398.31,86.74741458333334,18.767977916666666,0,normal
2009-01-31,268.4143110416667,106.610670625,4388.45,86.93464583333333,18.779456458333332,0,normal
2009-02-01,267.33271270833336,106.638704375,5224.6,84.56052645833333,19.155595,0,normal
2009-02-02,268.744796875,106.61759958333333,4401.95,86.83634083333334,18.961863958333332,0,normal
2009-02-03,269.1769704166667,106.62001083333334,4422.08,87.16632583333333,18.941281666666665,0,normal
2009-02-04,266.8067208333333,106.67726354166666,5437.81,82.559695,19.518065833333335,0,normal
2009-02-05,269.25242729166666,106.619955625,4487.91,86.760323125,19.33716,0,normal
2009-02-06,269.52175854166666,106.62317,4430.31,86.93527166666667,19.37426333333333,0,normal
2009-02-08,270.9408675486827,106.62772276059565,4189.32,87.45225510882015,18.688647067583048,0,normal
2009-02-09,274.4704814583333,106.57967458333333,4258.6,92.342555625,19.253977708333334,0,normal
2009-02-10,271.88419625,106.62178270833333,4393.0,88.58550770833334,19.933636666666665,0,normal
2009-02-11,272.01378604166666,106.63133270833333,4431.4,88.44194229166666,19.97042625,0,normal
2009-02-12,272.42483354166666,106.635975,4498.08,88.641060625,19.905806875,0,normal
2009-02-13,275.6621795693273,106.59115444344091,3944.99,92.25173010370455,17.638711721204544,0,normal
2009-02-14,273.91397020833335,106.62537645833333,4330.62,90.47463729166667,19.818164166666666,0,normal
2009-02-15,275.19998458333333,106.6079675,4221.09,91.95110354166667,19.862218125,0,normal
2009-02-16,276.1180093506972,106.61151289101025,4056.66,92.09238656917975,18.465587696000338,0,normal
2009-02-17,274.27456291666664,106.65058458333333,4479.41,89.68340916666666,20.212715,0,normal
2009-02-18,275.1256779166667,106.64525125,4436.07,90.52377854166667,20.451759791666667,0,normal
2009-02-19,275.6200377083333,106.64585125,4434.21,90.83094979166667,20.38227291666667,0,normal
2009-02-20,275.9899491666667,106.65083520833333,4439.64,91.10445354166667,20.325280833333334,0,normal
2009-02-21,283.52500375,106.52301729166666,3876.08,100.95375375,17.112871666666667,0,normal
2009-02-22,277.31246458333334,106.66158229166666,4535.89,91.66592395833334,20.295680833333332,0,normal
2009-02-23,277.7057179166667,106.665660625,4498.48,91.85555458333333,20.515535,0,normal
2009-02-24,278.00158166666665,106.67012895833334,4487.34,92.07690770833334,20.342226458333332,0,normal
2009-02-25,281.6337727749591,106.61858007924091,4036.23,96.78876077238637,18.06503965779091,0,normal
2009-02-26,279.8677714583333,106.67019020833334,4421.95,93.7532725,18.232191041666667,0,normal
2009-02-27,280.48314416666665,106.66895270833334,4359.66,94.31569083333333,18.983791458333332,0,normal
2009-02-28,280.6836202083333,106.67747895833334,4433.4,94.52558083333334,19.028836666666667,0,normal
2009-03-01,280.73606229166666,106.689503125,4448.63,94.26399895833333,19.075118333333332,0,normal
2009-03-02,280.4194279166667,106.70911729166667,4592.63,93.04435270833334,19.400562291666667,0,normal
2009-03-03,280.91360957446807,106.71272425531915,4638.29,93.66416659574467,19.347243191489362,0,normal
2009-03-04,281.55801104166665,106.70446020833333,4474.26,94.56016854166667,18.931656666666665,0,normal
2009-03-06,286.41577875,106.63206375,4366.16,100.45469,16.154228541666665,0,normal
2009-03-07,293.23016958333335,106.48853020833333,3360.6,111.00115229166667,15.541030833333334,0,normal
2009-03-08,286.8739454166667,106.58021958333333,4021.37,101.413921875,16.072182916666666,0,normal
2009-03-10,277.64193122497056,106.77363114252061,4692.91,87.05511508833922,13.63982332155477,0,normal
2009-03-11,283.71534940371487,106.62386692102554,5414.32,97.91931522897872,14.40313213927234,0,normal
2009-03-12,276.29492270833333,106.69349729166667,4870.32,89.31293145833334,15.757559583333334,0,normal
2009-03-18,270.1174755909107,106.48097998437787,3449.39,89.02762230449646,8.218780071774171,0,normal
2009-03-19,265.69282541666666,106.57566041666666,4321.87,85.14854020833333,12.556840208333334,0,normal
2009-03-20,261.6060149332626,105.8675077322761,4217.85,82.59027101376111,12.981948753514883,0,normal
2009-03-21,259.885720273842,106.5462851755951,4440.66,79.40388080897887,13.262976866629588,0,normal
2009-03-22,258.14296229166666,106.52071145833334,4437.68,78.50612479166666,12.982296875,0,normal
2009-03-23,256.3136235416667,106.49422041666666,4418.22,77.545229375,12.642715208333334,0,normal
2009-03-24,254.47638270833335,106.46966520833334,4353.47,76.65415770833333,12.309868958333333,0,normal
2009-03-31,253.87248979166668,106.477519375,4922.0,74.28028333333333,7.990839583333333,0,normal
2009-04-01,250.43743729166667,106.53577083333333,5287.84,69.99724958333333,11.056231666666667,0,normal
2009-04-02,249.58832895833334,106.545929375,5144.72,69.836185625,11.700528958333333,0,normal
2009-04-03,250.84476416666666,106.51257854166667,4733.54,72.73207291666667,11.830911041666667,0,normal
2009-04-04,251.41468395833334,106.48407645833333,4497.69,74.17366895833334,11.846784583333333,0,normal
2009-04-05,250.84163729166667,106.47755,4536.0,73.66511395833334,11.769502291666667,0,normal
2009-04-06,245.27734854166667,106.54822041666667,5544.62,65.43966020833334,11.906153541666667,0,normal
2009-04-07,242.58106041666667,106.56921354166667,5677.96,62.90838604166667,11.696584166666666,0,normal
2009-04-08,243.59511395833334,106.53072375,5143.67,66.24064645833333,11.483689375,0,normal
2009-04-09,243.26043583333333,106.51179104166667,5237.66,66.56577708333333,11.395114166666668,0,normal
2009-04-10,239.16572916666667,106.55470104166666,5605.38,61.21871229166667,11.271485416666666,0,normal
2009-04-11,237.07655104166668,106.56127416666666,5595.21,59.619132916666665,11.160626458333333,0,normal
2009-04-12,235.702943125,106.55613208333334,5377.85,59.20537604166667,11.080601458333334,0,normal
2009-04-13,235.738995625,106.53200604166666,4985.07,60.80489166666667,10.939587291666667,0,normal
2009-04-14,234.74632416666665,106.53378416666666,4997.55,60.3916575,10.788560833333333,0,normal
2009-04-15,232.97870958333334,106.54656166666666,5316.56,58.52932979166667,10.661915625,0,normal
2009-04-16,233.30481479166667,106.52364666666666,5112.74,60.28280291666667,10.55999875,0,normal
2009-04-17,233.17190395833333,106.50559041666666,4838.54,60.91996145833333,10.400536666666667,0,normal
2009-04-18,230.50537416666666,106.52798270833334,5271.47,57.57512,10.296470833333334,0,normal
2009-04-19,226.60932,106.56588083333334,5613.54,52.527973125,10.25916625,0,normal
2009-04-20,228.98657958333334,106.52590145833334,4906.23,57.5200175,10.307663541666667,0,normal
2009-04-21,228.74101770833335,106.50806541666667,4845.36,58.4307225,14.144421666666666,0,normal
2009-04-22,235.19169480866262,106.42397203921409,4018.17,65.77984054754957,16.541144788292836,0,normal
2009-04-23,228.11159770833333,106.48951145833334,4752.83,58.52526520833333,17.371474583333335,0,normal
2009-04-24,226.98413020833334,106.49083625,4789.55,57.69306,17.260494583333333,0,normal
2009-04-25,225.858081875,106.494035,4813.6,56.618163958333334,17.236916041666667,0,normal
2009-04-26,224.69729645833334,106.49634375,4855.76,55.71256270833333,17.15129,0,normal
2009-04-27,223.76660395833332,106.49828166666667,4871.19,54.91843395833333,17.026956041666665,0,normal
2009-04-28,223.47162978723404,106.5010325531915,4882.81,54.65208021276596,17.09417063829787,0,normal
2009-04-29,223.28529145833335,106.50539333333333,4842.11,54.625153125,17.010604791666665,0,normal
2009-04-30,223.2602378723404,106.51153765957447,4860.46,54.662678723404255,16.964277659574467,0,normal
2009-05-01,223.34848541666668,106.51932833333333,4860.67,54.802090416666665,16.892610416666667,0,normal
2009-05-02,223.71121083333333,106.52275270833333,4814.28,55.06284770833334,16.978189166666667,0,normal
2009-05-03,223.82585625,106.52805833333333,4812.61,55.043495625,17.016915833333332,0,normal
2009-05-06,232.68071485948778,106.37568842127821,3551.6,63.20076688135148,11.725898116575008,0,normal
2009-05-07,229.4480564045813,106.50809479735732,4446.68,60.72014553448469,16.077234904719568,0,normal
2009-05-08,226.76056979166665,106.54140875,4815.42,57.523208958333335,16.944669166666667,0,normal
2009-05-09,226.27174145833334,106.556080625,4805.75,56.58421666666667,17.264865416666666,0,normal
2009-05-10,226.442805,106.57005520833333,4892.7,56.06129416666667,17.515511666666665,0,normal
2009-05-11,227.95347958333332,106.56316041666666,4810.91,57.91929916666667,17.643967291666666,0,normal
2009-05-12,228.73850458333334,106.562703125,4771.11,58.681922916666664,17.773661875,0,normal
2009-05-13,230.26194,106.55695729166666,4684.63,59.596287708333335,18.019950416666667,0,normal
2009-05-14,230.69231666666667,106.559658125,4712.31,59.767812291666665,18.082226666666667,0,normal
2009-05-15,231.12752,106.56862625,4733.92,60.187673958333335,17.879262291666667,0,normal
2009-05-16,231.60853416666666,106.57616708333333,4741.22,60.512921875,17.81722375,0,normal
2009-05-17,232.09618354166668,106.58217583333334,4745.17,60.73926041666667,17.783757708333333,0,normal
2009-05-18,232.57898229166668,106.587760625,5227.04,60.90325875,17.882115833333334,0,normal
2009-05-19,233.02539083333335,106.592858125,5013.35,61.17713104166667,17.96802625,0,normal
2009-05-20,233.545545,106.59676625,5010.5,61.42835645833333,18.08868625,0,normal
2009-05-21,234.07709395833334,106.60183708333334,5030.59,61.595955833333335,18.19577,0,normal
2009-05-22,234.67127125,106.60595020833334,5037.15,61.66978666666667,18.290880208333334,0,normal
2009-05-23,237.00679770833332,106.58850125,4796.2,64.652196875,18.332516666666667,0,normal
2009-05-24,237.88387395833334,106.58377916666667,4763.66,65.47644979166667,18.278463333333335,0,normal
2009-05-25,237.76289979166665,106.59628625,4851.33,64.88614958333334,18.313178125,0,normal
2009-05-26,237.80624604166667,106.52809083333334,4911.6,64.44309979166667,18.422198958333333,0,normal
2009-05-27,238.497186875,106.61142270833334,4925.85,64.65383541666667,18.321523958333334,0,normal
2009-05-28,238.97973375,106.61512770833333,4940.31,64.56780541666667,18.423358333333333,0,normal
2009-05-29,238.02795166666667,106.63582583333333,5096.84,62.769296041666664,18.540380833333334,0,normal
2009-05-30,236.20719520833333,106.65938333333334,5406.74,59.9308725,18.552400208333335,0,normal
2009-05-31,235.940108125,106.65380145833333,5389.94,59.716087083333335,18.58457375,0,normal
2009-06-01,235.15061541666665,106.65366083333333,5469.32,58.60632708333333,18.517795,0,normal
2009-06-02,234.755854375,106.659099375,5497.96,58.166763333333336,18.373626458333334,0,normal
2009-06-03,234.194354375,106.65453604166666,5888.69,57.8240275,18.161740208333335,0,normal
2009-06-04,233.1512675,106.649651875,5509.13,57.06360854166667,17.978943333333333,0,normal
2009-06-05,232.04154,106.643135625,5521.14,56.36515229166667,17.878391458333333,0,normal
2009-06-06,239.60773096696906,106.54481563589775,3891.66,65.25250254199887,16.00355266186697,0,normal
2009-06-07,232.7633975,106.597534375,5264.7,58.040382916666665,17.0743475,0,normal
2009-06-08,230.08158979166666,106.621789375,5422.42,55.83389666666667,17.856997083333333,0,normal
2009-06-09,229.30858666666666,106.61395666666667,5357.49,55.57275020833333,17.744225625,0,normal
2009-06-10,228.358305625,106.608294375,5346.85,54.99789270833333,17.543658125,0,normal
2009-06-11,232.4276955898592,106.55512015103798,4218.09,60.067666103529355,16.47959436964735,0,normal
2009-06-12,227.55077416666666,106.58720895833333,4995.2,54.917915,16.813131875,0,normal
2009-06-13,231.045874051,106.53803266528,4132.22,59.55752204129778,16.193882316026667,0,normal
2009-06-14,228.42798458333334,106.55853083333334,4668.7,57.55046375,17.144128541666667,0,normal
2009-06-15,225.09934541666667,106.571980625,4994.99,53.47847791666667,16.916240208333335,0,normal
2009-06-16,221.73986041666666,106.60320604166667,5262.8,49.249158125,16.817279583333335,0,normal
2009-06-17,220.94228916666665,106.601504375,5081.09,49.27679875,16.59218875,0,normal
2009-06-18,220.46305770833334,106.59679020833333,5037.77,48.874759583333336,16.629428333333333,0,normal
2009-06-19,219.91077854166667,106.59396145833334,5054.35,48.59235354166667,16.544739375,0,normal
2009-06-20,219.365398125,106.590454375,5122.69,48.35691625,16.476677083333332,0,normal
2009-06-21,233.810203125,106.42920666666667,3421.75,67.24210291666667,16.225170416666668,0,normal
2009-06-22,235.21566375,106.38726583333333,3345.0,69.399859375,15.904381875,0,normal
2009-06-23,234.71680645833334,106.39041458333334,3393.7,68.61139208333333,16.044353333333333,0,normal
2009-06-24,234.739465625,106.38793291666667,3399.54,68.67905604166667,15.9642,0,normal
2009-06-25,234.723843125,106.38702708333334,3234.13,68.90065625,15.87377375,0,normal
2009-06-26,234.74048375,106.387363125,2864.24,68.96978208333333,15.827556666666666,0,normal
2009-06-27,234.70142958333332,106.387625625,2727.37,68.91341270833334,15.809833333333334,0,normal
2009-06-28,233.00626541666668,106.406444375,2723.71,66.92010729166667,16.00544208333333,0,normal
2009-06-29,232.30231041666667,106.42075541666667,2793.58,65.78521208333333,16.262803125,0,normal
2009-06-30,232.29349770833332,106.4224975,2789.43,65.7099325,16.312921666666668,0,normal
2009-07-01,232.254260625,106.42349625,2775.48,65.863680625,16.306780625,0,normal
2009-07-02,232.24208604166665,106.42492083333333,2766.16,65.86895333333334,16.298498541666667,0,normal
2009-07-03,232.249325,106.42596416666666,2761.91,65.80368541666667,16.327014166666668,0,normal
2009-07-04,232.25462458333334,106.42724270833334,2747.27,65.82007104166667,16.295180833333333,0,normal
2009-07-05,232.25436,106.42755625,2746.36,65.9031725,16.216974791666665,0,normal
2009-07-06,232.27469541666667,106.42954166666667,3414.92,65.696159375,16.263140833333335,0,normal
2009-07-07,232.27619708333333,106.43006354166667,3404.37,65.698960625,16.164605833333333,0,normal
2009-07-08,232.21696854166666,106.43245729166667,3501.35,65.74208458333334,15.908077916666667,0,normal
2009-07-09,232.19412541666668,106.43361020833333,3500.07,65.74991229166666,15.824355833333334,0,normal
2009-07-10,232.197486875,106.43477645833333,3485.7,65.70909458333334,15.803961666666666,0,normal
2009-07-11,231.80946916666667,106.43981,3514.43,65.257928125,15.914929791666667,0,normal
2009-07-12,231.71215625,106.44361020833334,3523.09,65.22544916666666,16.062513958333334,0,normal
2009-07-13,231.69930145833334,106.44565833333333,3564.05,65.24281395833333,16.083471666666668,0,normal
2009-07-14,232.07186916666666,106.44227166666667,3514.2,65.74072916666667,16.028312916666668,0,normal
2009-07-15,232.612586875,106.43527583333334,3450.9,66.40925791666666,16.009216666666667,0,normal
2009-07-16,232.644070625,106.43615854166667,3446.15,66.271254375,16.143646666666665,0,normal
2009-07-17,232.69461291666667,106.43587729166667,3450.11,66.35375145833333,16.055175416666668,0,normal
2009-07-18,233.11122604166667,106.45416541666667,3395.67,66.343669375,16.066514583333333,0,normal
2009-07-19,240.717925464337,106.39696660434635,2808.21,73.22197258414214,14.394445127285753,0,normal
2009-07-20,237.75943125,106.432785,3443.72,70.349270625,15.603204375,0,normal
2009-07-21,235.98252208333332,106.49117729166667,3714.36,67.85410479166667,16.703959791666666,0,normal
2009-07-22,236.933885,106.50698875,3721.03,68.67402979166667,16.703885833333334,0,normal
2009-07-23,238.342964375,106.51541625,3682.11,69.71288375,16.843230208333335,0,normal
2009-07-24,239.42456041666668,106.52629666666667,3689.01,70.21347854166666,17.033519375,0,normal
2009-07-25,240.53926212765958,106.53656,3737.42,70.52984574468086,17.19251191489362,0,normal
2009-07-26,241.69771041666667,106.546471875,3718.65,71.26267208333333,17.443783125,0,normal
2009-07-27,243.00115625,106.553028125,3704.42,72.33298895833333,17.51005875,0,normal
2009-07-28,244.29888666666668,106.559469375,3734.37,73.10469270833333,17.645321458333335,0,normal
2009-07-29,245.431331875,106.56704145833334,3741.77,73.85945854166667,17.716728541666665,0,normal
2009-07-30,246.62360520833334,106.573235625,3755.47,74.27631916666667,17.918096458333334,0,normal
2009-07-31,248.69971958333332,106.56416229166666,3692.52,75.97201083333333,18.040580208333335,0,normal
2009-08-01,249.771851875,106.55727354166666,3691.35,76.89788416666667,18.030719791666666,0,normal
2009-08-05,252.22670305554098,106.57446924532552,4407.16,74.19454749497832,13.411427163868973,0,normal
2009-08-06,246.17553,106.69929770833333,4663.07,67.18267020833333,18.938486875,0,normal
2009-08-07,244.786414937789,106.70373048262357,4360.71,65.51692818593935,19.673578637417044,0,normal
2009-08-09,246.08723645833334,106.62666645833333,4366.57,68.38917895833333,19.103469375,0,normal
2009-08-10,243.91134229166667,106.64280708333334,4437.79,66.12649375,19.538916041666667,0,normal
2009-08-11,242.30552166666666,106.64676145833333,4445.56,64.36335979166667,19.4291025,0,normal
2009-08-12,240.23964104166666,106.66497229166667,4594.22,61.910498125,19.36701,0,normal
2009-08-13,239.38762520833333,106.66368354166667,4549.48,61.317292083333335,19.200497708333334,0,normal
2009-08-14,237.63578291666667,106.67283833333333,4638.62,59.517228958333334,19.162959791666665,0,normal
2009-08-15,235.78431520833334,106.68260604166667,4721.86,57.90072083333333,18.928986875,0,normal
2009-08-16,235.06731458333334,106.69452958333333,4767.4,57.106383541666666,18.722257708333334,0,normal
2009-08-17,235.21981854166665,106.71377645833333,4783.38,56.691525625,18.977782708333333,0,normal
2009-08-18,235.541273125,106.724780625,4779.42,56.936847291666666,19.0105575,0,normal
2009-08-19,235.85836833333335,106.73304125,4795.27,57.218315,18.924549375,0,normal
2009-08-20,236.23105875,106.740189375,4800.54,57.337790625,18.938634583333332,0,normal
2009-08-21,236.62399145833334,106.74520520833333,4793.55,57.489175208333336,19.079870833333334,0,normal
2009-08-22,236.91979145833332,106.74924833333333,4795.4,57.482038958333334,19.106543541666667,0,normal
2009-08-23,237.11674958333333,106.75067458333334,4788.33,57.559713125,19.113565208333334,0,normal
2009-08-24,237.32663333333332,106.75712270833333,4817.27,57.44198958333333,19.151315625,0,normal
2009-08-25,236.878979375,106.772546875,4950.96,56.30839041666667,19.239597708333335,0,normal
2009-08-27,248.3189583562533,106.62246767439474,3733.66,71.06172692971543,16.871211789508507,0,normal
2009-08-28,239.70708395833333,106.74363479166666,4689.98,59.351101875,19.572442708333334,0,normal
2009-09-07,248.13457795946348,105.58468277995671,5053.84,69.3557218728056,17.992439951613825,0,normal
2009-09-08,251.405233125,106.72202375,4573.77,70.254485625,19.761866875,0,normal
2009-09-09,251.65822604166667,106.729509375,4354.63,69.99415625,20.372749583333334,0,normal
2009-09-10,251.82682583333334,106.73302645833333,4340.51,69.95014895833333,20.871447708333335,0,normal
2009-09-11,251.29834895833332,106.74387916666667,4393.44,68.99961416666666,21.014147916666666,0,normal
2009-09-12,249.99348791666668,106.75849166666667,4477.04,67.30027208333334,21.002105625,0,normal
2009-09-13,249.86537854166667,106.77055791666666,4489.88,66.90946895833333,21.065745416666665,0,normal
2009-09-14,250.13939520833333,106.78022041666667,4464.08,66.92482020833333,21.316344791666666,0,normal
2009-09-15,249.83371020833334,106.796541875,4526.12,65.813683125,21.353552708333332,0,normal
2009-09-16,250.17919625,106.80542583333333,4512.23,66.25600625,21.319653333333335,0,normal
2009-09-17,250.68245666666667,106.800399375,4464.89,66.88336645833333,21.413338125,0,normal
2009-09-18,250.394478125,106.80684895833333,4492.25,66.545995625,21.358885833333332,0,normal
2009-09-19,253.2333125,106.781640625,4154.3,70.57651604166666,21.219618333333333,0,normal
2009-09-20,260.05534229166665,106.67250333333334,3305.88,80.12412458333333,20.715758541666666,0,normal
2009-09-21,259.3064047916667,106.68237458333333,4206.64,79.160539375,20.66297375,0,normal
2009-09-22,259.4837660416667,106.681070625,4199.23,79.20773729166666,20.572197708333334,0,normal
2009-09-23,259.6632379166667,106.682226875,4322.81,79.12787395833334,20.660644791666666,0,normal
2009-09-24,255.67963854166666,106.743553125,4684.69,72.77229,20.938022291666666,0,normal
2009-09-25,251.71924833333333,106.82465416666666,5057.91,66.634428125,21.400334583333333,0,normal
2009-10-01,261.9717550893616,106.63293637602835,3565.94,79.62199703172524,12.410818516048916,0,normal
2009-10-02,253.207380625,106.80283625,4883.02,68.16913729166667,19.794855416666667,0,normal
2009-10-03,252.83640458333332,106.82256020833333,5037.57,67.75442916666667,20.933228541666665,0,normal
2009-10-04,252.78438916666667,106.83517229166667,5032.99,67.22209041666666,21.451908333333332,0,normal
2009-10-05,252.77300979166668,106.84526729166667,5072.51,66.95829770833333,21.963805,0,normal
2009-10-06,260.2073070833333,106.7494975,4326.83,78.109894375,21.4828025,0,normal
2009-10-07,257.43947104166665,106.78616166666667,4616.27,73.67466583333334,21.918777708333334,0,normal
2009-10-08,257.93886645833334,106.788246875,4545.12,74.309015,21.921048958333333,0,normal
2009-10-09,258.34431958333334,106.7842875,4420.65,74.839945,22.01125625,0,normal
2009-10-10,254.26818400673724,105.57433902849137,4441.14,74.04009165052064,21.58386618024303,0,normal
2009-10-11,258.23271449804434,106.78210061277706,4426.34,74.76057447196871,22.008583233376793,0,normal
2009-10-12,257.74738083333335,106.78889416666667,4454.14,73.95820375,22.007243541666668,0,normal
2009-10-13,258.1746808182,106.78251071897857,3766.37,74.78265382978572,21.82405597582857,0,normal
2009-10-14,258.3981777083333,106.75619979166666,4257.96,76.00385895833334,21.424101666666665,0,normal
2009-10-15,262.7408051119216,106.68622135075088,3550.58,80.85367390772174,19.306712512493164,0,normal
2009-10-16,254.41154583333332,106.80173770833333,4728.63,70.01343020833333,21.117416041666665,0,normal
2009-10-18,258.22151847826086,106.74387652173912,4118.7,75.7518797826087,3.511634347826087,0,normal
2009-10-19,256.92913604166665,106.74773395833333,4334.82,74.749701875,5.309829166666667,0,normal
2009-10-20,256.5999595833333,106.746030625,4339.02,74.61190854166666,11.534372708333333,0,normal
2009-10-21,256.48924916666664,106.747158125,4333.24,74.64015375,14.1477975,0,normal
2009-10-22,256.46626875,106.74969979166667,4324.32,74.60495375,14.119703125,0,normal
2009-10-25,261.8651607442296,106.78256944444422,4190.37,77.55761625709077,10.468964864579176,0,normal
2009-10-26,260.70445291666664,106.78579916666666,4306.5,77.12675854166666,14.366617291666667,0,normal
2009-10-27,260.42039666666665,106.7856775,4313.37,76.8057,15.016810208333334,0,normal
2009-10-28,260.01914375,106.79384,4348.44,76.34395833333333,15.030249375,0,normal
2009-10-29,259.56587246516614,106.82401681672026,4274.9,73.8940188210075,13.8047861414791,0,normal
2009-10-30,253.39889458333334,106.90845916666666,4957.61,66.11388541666666,15.379883333333334,0,normal
2009-10-31,254.22859416666665,106.905469375,4840.81,67.412699375,15.4916875,0,normal
2009-11-01,254.045449375,106.91377104166666,4852.06,67.046460625,15.489621666666666,0,normal
2009-11-02,254.31148333333334,106.91622895833333,4829.38,67.38690375,15.431091666666667,0,normal
2009-11-03,254.32095791666666,106.92213020833333,4817.07,67.27577125,15.465274375,0,normal
2009-11-05,258.3243145833333,106.86363833333333,4434.99,73.38002333333333,14.945791875,0,normal
2009-11-06,258.4570933333333,106.85641916666667,4403.93,73.58218791666667,15.167053541666666,0,normal
2009-11-07,258.03128604166665,106.86466833333333,4448.0,72.67873479166667,15.352947916666666,0,normal
2009-11-08,257.8228564583333,106.86899395833333,4470.57,72.128595625,15.479849166666666,0,normal
2009-11-09,260.216592590615,106.84790275461206,4089.83,75.36537895318459,14.706762242786501,0,normal
2009-11-10,259.5304497916667,106.846939375,4245.19,73.94724625,14.174319791666667,0,normal
2009-11-11,258.27852333333334,106.87449208333334,4401.54,72.90145458333333,15.250146875,0,normal
2009-11-12,258.14169833333335,106.87598770833333,4408.51,72.76390291666667,15.097233125,0,normal
2009-11-13,258.35325479166664,106.875380625,4378.76,72.90604979166666,15.07474972972973,0,normal
2009-11-14,258.06337270833336,106.88368979166667,4413.39,72.345059375,15.07474972972973,1,normal
2009-11-15,257.39503729166665,106.89482208333334,4446.8,71.25360270833333,15.07474972972973,1,normal
2009-11-16,256.2415310416667,106.91496979166666,4517.33,69.456565625,15.07474972972973,1,normal
2009-11-17,254.03586083333334,106.952561875,4724.62,65.78461875,15.07474972972973,1,normal
2009-11-18,253.01809125,106.97754895833333,4874.86,63.9451475,15.07474972972973,1,normal
2009-11-19,253.25177208333332,106.97851375,4842.29,64.522703125,15.07474972972973,1,normal
2009-11-20,258.43536836421737,106.92041869746522,4004.63,70.9557666331826,15.07474972972973,1,normal
2009-11-21,253.36786520833334,106.98144604166667,4846.82,64.41604208333334,15.07474972972973,1,normal
2009-11-22,253.08590104166666,106.984708125,4840.84,64.21703041666666,15.07474972972973,1,normal
2009-11-23,256.61750976395814,106.93721891370232,3930.03,68.73191647692093,15.07474972972973,1,normal
2009-11-24,256.3930166866756,106.95388108940801,4126.56,68.80961382630872,15.07474972972973,1,normal
2009-11-25,252.72710354166668,106.99473375,4837.35,64.56596041666667,15.07474972972973,1,normal
2009-11-26,252.75093333333334,106.99354333333333,4880.73,64.53091729166667,15.07474972972973,1,normal
2009-11-27,252.83568063829787,107.00239723404255,4864.71,63.9598929787234,15.878015106382978,0,normal
2009-11-28,252.93001854166667,107.01381604166667,4855.39,63.386082083333335,16.071765208333332,0,normal
2009-11-29,252.253330625,107.03197229166666,5013.4,61.922971458333336,16.026994166666668,0,normal
2009-11-30,252.00116234042554,107.03757340425533,5062.11,61.39988319148936,16.00633425531915,0,normal
2009-12-01,252.17115916666665,107.041406875,5031.44,61.68962833333333,16.076411458333332,0,normal
2009-12-02,252.21165895833335,107.04265541666666,5047.98,61.835157708333334,15.824711041666667,0,normal
2009-12-03,252.12541479166666,107.04491125,5043.73,61.70754,15.76014375,0,normal
2009-12-04,251.49459854166668,107.05448229166667,5485.34,60.58095479166667,15.821149166666666,0,normal
2009-12-05,253.41101875,107.033833125,5189.7,63.513939375,15.809724375,0,normal
2009-12-06,252.99035375,107.03263875,5303.4,62.7845625,15.797913958333334,0,normal
2009-12-07,251.51216520833333,107.05972875,5467.62,60.47303125,15.921587708333334,0,normal
2009-12-08,251.402225,107.06330979166667,5604.33,60.14534270833333,15.988063541666667,0,normal
2009-12-09,251.43529125,107.06461083333333,5601.13,60.32544729166667,16.000169583333335,0,normal
2009-12-10,251.66463520833332,107.06062958333334,5549.21,60.43513604166667,16.187956458333332,0,normal
2009-12-11,251.86241229166666,107.05532583333333,5480.45,60.767731875,16.269631666666665,0,normal
2009-12-12,251.79343020833332,107.05381020833333,5465.07,60.78865666666667,16.27408416666667,0,normal
2009-12-13,253.1857565876087,107.0400757498826,5049.73,62.04963962077391,15.70403597491739,0,normal
2009-12-14,252.1479175,107.04767041666666,5380.51,61.168686875,16.549372708333333,0,normal
2009-12-15,252.18680395833334,107.042715625,5366.63,61.15672125,16.374615625,0,normal
2009-12-16,251.86652354166668,107.04568645833334,5358.32,61.021691458333336,16.328148541666668,0,normal
2009-12-17,252.178949920821,107.0435182198787,5017.66,61.36551336717074,16.076538207751835,0,normal
2009-12-18,271.18872357637485,106.75214081586368,2516.72,88.10556112440895,12.292914519906283,0,normal
2009-12-20,252.49627135898365,106.98732026180053,4228.61,62.68311783779101,13.599436274499583,0,normal
2009-12-21,247.85264729166667,107.026446875,5347.19,57.651326875,16.138007291666668,0,normal
2009-12-22,247.0978625,107.031365625,5355.93,56.95769666666666,16.166763333333332,0,normal
2009-12-23,248.06578375,107.02522354166666,5153.65,58.310878333333335,16.314934166666667,0,normal
2009-12-24,248.5300225,107.02135291666667,5063.78,58.90686083333333,16.401801875,0,normal
2009-12-25,248.51700479166666,107.027373125,5164.96,58.844458333333336,16.278008958333334,0,normal
2009-12-26,248.71875208333333,107.03395916666666,5148.7,58.5788425,16.471987708333334,0,normal
2009-12-27,248.65064041666668,107.035895625,5098.58,58.44806645833334,16.391923125,0,normal
2009-12-28,248.47783375,107.03790833333333,5298.31,58.21266333333333,16.301016458333333,0,normal
2009-12-29,248.38747666666666,107.04270333333334,5281.46,58.13194145833333,16.25215645833333,0,normal
2009-12-30,248.350824375,107.04628770833334,5280.42,58.115375625,16.21098125,0,normal
2009-12-31,248.42246083333333,107.04874875,5243.21,58.108219375,16.266520625,0,normal
2010-01-01,248.27087958333334,107.05442916666667,5261.93,58.02858,16.168523125,0,normal
2010-01-02,248.13987833333334,107.05831729166667,5256.37,57.878998125,16.097961875,0,normal
2010-01-03,248.06805708333334,107.061969375,5227.61,57.57563916666667,16.271995416666666,0,normal
2010-01-04,248.10016979166667,107.06657979166667,5199.02,57.58130375,16.247145833333335,0,normal
2010-01-05,248.05076145833334,107.07150958333334,5206.38,57.562015833333334,16.251479166666666,0,normal
2010-01-06,248.050173125,107.07664354166667,5200.27,57.60449166666667,16.269242916666666,0,normal
2010-01-07,248.00722872340427,107.08178085106383,5189.62,57.423535531914894,16.37609404255319,0,normal
2010-01-08,247.9974259574468,107.08705574468085,5185.95,57.30747127659574,16.442721063829786,0,normal
2010-01-09,255.40790583120815,107.01040259694929,4034.53,67.37299083911545,15.066241709737476,0,normal
2010-01-10,248.43397361702128,107.07120106382979,5140.65,58.13493425531915,16.17799021276596,0,normal
2010-01-11,247.903004375,107.086594375,5157.86,57.143852708333334,16.539193541666666,0,normal
2010-01-12,247.7502025,107.095309375,5161.22,57.096601666666665,16.484324583333333,0,normal
2010-01-13,247.60891145833332,107.1049175,5136.39,56.92387875,16.435826875,0,normal
2010-01-14,247.24345541666668,107.11945979166667,5092.0,56.479090416666665,16.560001875,0,normal
2010-01-15,246.88378208333333,107.13375375,5033.93,56.01523229166666,16.848825625,0,normal
2010-01-16,246.51294354166666,107.151598125,4979.19,55.61057958333333,17.028006458333333,0,normal
2010-01-17,246.20528270833333,107.16607645833334,4905.73,55.085505625,17.398269375,0,normal
2010-01-18,246.05968458333334,107.18054291666667,4689.19,54.74300645833333,17.79101916666667,0,normal
2010-01-19,245.94495145833332,107.19174166666667,4647.39,54.52820895833333,18.140475208333335,0,normal
2010-01-20,245.77118833333333,107.205026875,4628.38,54.35313729166667,18.111824791666667,0,normal
2010-01-21,245.760560625,107.21577479166666,4586.62,54.106982708333334,18.273127916666667,0,normal
2010-01-22,245.86578208333333,107.223914375,4563.26,53.995121875,18.396762083333332,0,normal
2010-01-23,246.71684520833332,107.22532916666667,4010.69,54.8289225,18.6719925,0,normal
2010-01-24,247.1622625,107.24168895833333,4441.06,54.2399475,19.022790625,0,normal
2010-01-25,248.75791770833334,107.22639020833333,4596.67,54.56846625,19.321958333333335,0,normal
2010-01-26,253.9391555875908,107.1771037146991,3953.58,61.32839745262678,18.593674935772135,0,normal
2010-01-27,250.51896729166666,107.20844395833333,4419.93,56.364980208333336,19.560640833333334,0,normal
2010-01-28,248.75301708333333,107.24761166666667,4625.59,52.679706875,19.741846041666665,0,normal
2010-01-29,248.62483104166665,107.26446291666667,4705.52,51.767424375,20.03902,0,normal
2010-01-30,248.730560625,107.27569541666666,4720.13,51.33684520833334,20.176081458333332,0,normal
2010-01-31,249.07851354166667,107.28413791666667,4702.17,51.24616354166667,20.36009,0,normal
2010-02-01,249.613408125,107.2891025,4673.25,51.39463895833333,20.692991875,0,normal
2010-02-02,250.8011175,107.288536875,4544.83,52.6317075,20.848918125,0,normal
2010-02-03,251.90313166666667,107.27662333333333,4285.02,53.84901395833333,21.112734166666666,0,normal
2010-02-04,254.10536854166668,107.259246875,4111.36,57.06387125,21.100342916666666,0,normal
2010-02-05,252.86734,107.28336666666667,4257.01,55.20851625,21.278165416666667,0,normal
2010-02-06,253.167550625,107.289284375,4234.42,55.086855416666666,21.523377083333333,0,normal
2010-02-07,254.46994104166666,107.28278958333334,4140.35,56.0548725,21.898078125,0,normal
2010-02-08,252.971821875,107.30961770833333,4326.64,53.983513125,22.073921041666665,0,normal
2010-02-09,253.16264541666666,107.31474083333333,4300.52,53.873388125,22.208326666666668,0,normal
2010-02-10,253.48034416666667,107.31657458333333,4248.97,54.02887375,22.464318958333333,0,normal
2010-02-11,254.27715416666666,107.31399333333333,4106.17,54.51407604166667,22.59645520833333,0,normal
2010-02-12,256.964016875,107.290658125,3815.94,57.84974125,22.750520208333334,0,normal
2010-02-13,258.09332625,107.25676416666667,3737.49,59.46067375,22.544913541666666,0,normal
2010-02-16,253.49608604166667,107.2883975,4108.39,57.33497479166667,21.723027916666666,0,normal
2010-02-17,253.934,107.29840916666667,4040.4,56.895827708333336,22.667934166666665,0,normal
2010-02-18,259.906501509382,107.2432303162283,3211.46,63.26272590697075,20.647416860364935,0,normal
2010-02-19,254.16856479166665,107.33487854166667,4027.02,56.4593375,23.348398333333332,0,normal
2010-02-20,254.54588382978724,107.33695872340425,3945.82,55.9195529787234,23.72589595744681,0,normal
2010-02-21,254.94900083333334,107.34187416666667,4037.43,55.46832375,23.933412291666667,0,normal
2010-02-22,255.394600625,107.34757395833333,3994.39,55.21839,24.143656458333332,0,normal
2010-02-23,259.59669357863226,107.33026010222581,3461.1,59.60340286293548,23.80773304091613,0,normal
2010-02-24,256.375570625,107.35591354166667,3991.13,55.58192041666667,24.448002083333332,0,normal
2010-03-03,265.38058659574466,107.16888978723404,3466.01,69.36080063829787,23.378643404255318,0,normal
2010-03-04,256.52443708333334,107.28477520833333,4144.87,62.183336041666664,28.314153333333334,0,normal
2010-03-05,256.62906291666667,107.258215,4025.56,62.928857916666665,29.125034791666668,0,normal
2010-03-06,256.52900211284515,107.23984786314526,3444.62,63.129439975990394,29.4973493757503,0,normal
2010-03-09,251.62475145833332,107.26479166666667,4344.86,57.88540020833333,28.000357083333334,0,normal
2010-03-10,250.59783145833333,107.25570708333333,4258.59,56.87837604166667,29.030956041666666,0,normal
2010-03-11,254.03707223394008,107.20508591126504,3500.93,60.765584939171816,28.366529907633776,0,normal
2010-03-13,249.57442723404256,107.22567,3716.44,56.247989574468086,29.22520659574468,0,normal
2010-03-14,248.58954916666667,107.264540625,3801.87,53.963266041666664,29.632224166666667,0,normal
2010-03-15,248.35821979166667,107.293551875,3860.92,52.305323125,26.9586375,0,normal
2010-03-16,249.98037770833332,107.2912525,3717.81,53.30565541666667,25.537740833333334,0,normal
2010-03-17,249.33117208333334,107.31375541666667,3831.2,51.725240416666665,25.6474025,0,normal
2010-03-18,248.35435354166665,107.31548833333333,3926.86,50.502333541666665,25.559684166666667,0,normal
2010-03-19,247.75999604166665,107.303415,3887.46,50.13565375,25.355774583333332,0,normal
2010-03-20,247.15807479166668,107.29343458333334,3848.11,49.463015,25.423548958333335,0,normal
2010-03-21,246.56603854166667,107.28454791666667,3827.75,48.94263791666667,25.373421041666667,0,normal
2010-03-22,246.0237725,107.27565583333333,3454.15,48.83738,25.257747916666666,0,normal
2010-03-23,245.481925625,107.26929416666667,3413.36,48.427752291666664,25.11816875,0,normal
2010-03-24,245.86238770833333,107.28001791666667,3405.79,48.467313958333335,25.231390625,0,normal
2010-03-25,246.38931625,107.29436479166667,3426.37,48.39368833333333,25.47290375,0,normal
2010-03-26,246.65081916666668,107.30968083333333,3524.65,47.862444375,25.462229583333333,0,normal
2010-03-27,247.00827833333332,107.32265666666666,3587.86,47.401928958333336,25.746869166666666,0,normal
2010-03-28,247.2800218181818,107.33552772727273,3510.63,46.91045272727273,25.97796681818182,0,normal
2010-03-29,247.68270166666667,107.34554916666667,3739.71,46.562372708333335,26.22473875,0,normal
2010-03-30,248.35717916666667,107.35255583333333,3473.56,47.020195,26.140248541666665,0,normal
2010-03-31,248.9217134042553,107.35985170212766,3485.06,46.91521340425532,26.385377446808512,0,normal
2010-04-02,250.88923145833334,107.39059958333333,3407.69,48.305596666666666,25.451894583333335,0,normal
2010-04-03,255.1435892662468,107.3575233970851,3186.88,52.82722479057021,26.750112870685108,0,normal
2010-04-04,251.46080541666666,107.40351833333334,3495.15,47.55225958333333,28.21643,0,drift
2010-04-05,252.6385095744681,107.3988725531915,3428.88,48.45943468085106,28.496630425531915,0,drift
2010-04-06,254.033159375,107.39075458333333,3342.4,49.45814583333333,28.439224375,0,drift
2010-04-07,254.78995166666667,107.39200291666667,3330.01,49.3650675,28.849484166666667,0,drift
2010-04-08,255.338780625,107.396590625,3198.19,49.27914895833333,28.951259375,0,drift
2010-04-09,255.85836354166668,107.39767166666667,3170.37,49.347258333333336,29.056166041666668,0,drift
2010-04-10,255.399305,107.38033041666667,3148.09,49.31530083333333,28.881741458333334,0,drift
2010-04-11,254.714480625,107.363859375,3124.35,49.20580520833333,28.588488958333333,0,drift
2010-04-12,254.09617666666668,107.3506425,3107.58,48.937620833333334,28.273987083333335,0,drift
2010-04-13,253.47145104166665,107.342165625,3100.02,48.487033958333335,27.93076875,0,drift
2010-04-14,252.74809770833335,107.334271875,3215.36,48.066406666666666,27.79624125,0,drift
2010-04-15,251.98458208333332,107.32852083333333,3220.01,47.589436875,27.514343333333333,0,drift
2010-04-16,251.03967604166667,107.32445479166667,3258.75,46.964850625,27.278295208333333,0,drift
2010-04-17,254.2791415865245,107.28423012334288,2865.27,51.160479388638485,26.14338836447691,0,drift
2010-04-18,250.41102354166668,107.30287729166666,3150.88,47.44936625,26.8662825,0,drift
2010-04-19,249.18785875,107.292633125,3190.98,46.79057104166667,26.627875625,0,drift
2010-04-20,247.289051875,107.28980604166667,3403.93,45.46237125,26.256881458333332,0,drift
2010-04-21,246.405213125,107.28092854166667,2968.51,44.87567791666667,26.02595375,0,drift
2010-04-22,245.453566875,107.268416875,2949.86,44.70789270833333,25.832571666666666,0,drift
2010-04-23,244.20229770833333,107.2554825,2903.27,44.401403333333334,25.491465625,0,drift
2010-04-24,252.838461875,107.17304541666667,2516.03,53.350403125,24.920161041666667,0,drift
2010-04-25,258.294194375,107.11237,2154.23,58.768431666666665,23.964949166666667,0,drift
2010-04-26,269.75871958333335,106.99409291666667,1635.39,66.61009770833333,17.666407291666665,0,drift
2010-04-27,254.95297770833332,107.221715,2507.96,53.95192125,25.749052083333332,0,drift
2010-04-28,268.374181875,107.06413020833334,1793.49,66.66185645833333,20.773911666666667,0,drift
2010-04-29,265.35353729166667,107.14538645833333,2119.15,61.224207291666666,20.675931041666665,0,drift
2010-04-30,257.1144389583333,107.28347166666667,2574.11,54.01851416666667,26.417912083333334,0,drift
2010-05-01,257.74494854166664,107.28727458333333,2587.54,53.867454375,26.668477916666667,0,drift
2010-05-02,257.78144395833334,107.29926541666667,2641.29,53.07114895833333,27.040928541666666,0,drift
2010-05-03,257.64068395833334,107.30084479166666,2658.88,52.55518416666666,27.102654166666667,0,drift
2010-05-05,259.1961175,107.3195775,2573.93,54.16065458333333,27.145088125,0,drift
2010-05-06,259.75334895833333,107.31446645833333,2530.85,54.61979791666667,27.658525,0,drift
2010-05-07,260.28127125,107.31451291666667,2493.99,54.60581875,27.870404375,0,drift
2010-05-08,260.9001875,107.31569791666666,2482.15,54.38731333333333,28.002797916666665,0,drift
2010-05-09,261.44390979166667,107.31907395833333,2474.84,54.418345625,28.151692291666667,0,drift
2010-05-10,262.00366916666667,107.32353895833333,2766.03,54.499692083333336,28.137015208333334,0,drift
2010-05-11,262.68632479166666,107.32526479166667,2748.61,54.634373125,28.389066041666666,0,drift
2010-05-12,263.4684633333333,107.32372458333333,2712.34,54.975363333333334,28.470809166666665,0,drift
2010-05-13,263.89535458333336,107.33052875,2666.04,55.00709666666667,28.6489625,0,drift
2010-05-14,264.48678479166665,107.33474291666667,2701.72,55.189827916666665,28.70457645833333,0,drift
2010-05-15,265.05233936170214,107.3378374468085,2696.78,55.136313191489364,28.99822,0,drift
2010-05-16,265.66935625,107.34037770833334,2685.18,54.98104875,29.164587291666667,0,drift
2010-05-17,266.25667833333335,107.34390875,2669.66,55.06444375,29.292062708333333,0,drift
2010-05-18,267.22427625,107.34092,2640.27,55.83601916666667,29.525760208333335,0,drift
2010-05-19,268.338905625,107.334845,2573.72,56.66727541666667,29.656656458333334,0,drift
2010-05-20,269.4409733333333,107.33056020833334,2549.16,57.247756458333335,29.698412083333334,0,drift
2010-05-21,270.51983583333333,107.32505729166667,2520.76,57.91492958333333,29.299811666666667,0,drift
2010-05-22,271.37272416666667,107.32401625,2503.59,58.428143125,26.93286125,0,drift
2010-05-23,271.9153145833333,107.32835375,2500.34,58.50798354166667,27.083618125,0,drift
2010-05-24,272.45505333333335,107.33307645833334,2496.19,58.75159145833333,27.001074166666665,0,drift
2010-05-25,273.10171916666667,107.33566229166667,2483.03,58.945028541666666,27.101904166666667,0,drift
2010-05-26,273.69035041666666,107.33898354166666,2475.77,59.13481708333333,27.347423541666668,0,drift
2010-05-27,274.04913458333334,107.33922270833334,2420.87,59.36171916666667,27.509953125,0,drift
2010-05-28,276.9629702181461,107.31960946131547,2013.37,61.440898064312606,25.733330855406024,0,drift
2010-05-29,274.20306270833333,107.356725625,2455.94,58.86055854166667,28.135343958333333,0,drift
2010-05-30,276.01006875,107.329949375,2345.76,61.18024166666667,27.615309375,0,drift
2010-05-31,295.84697604166666,107.03999041666667,1522.45,81.40694916666666,19.730552916666667,0,drift
2010-06-01,292.41923083333336,107.09411645833333,1812.37,78.225646875,22.067215833333332,0,drift
2010-06-02,279.8853897916667,107.2963325,2421.43,65.00337083333334,27.360818333333334,0,drift
2010-06-03,279.3810316666667,107.29769729166667,2404.05,64.32508708333333,27.704302916666666,0,drift
2010-06-04,279.57798770833335,107.30480291666667,2384.74,64.05598291666666,27.958747083333332,0,drift
2010-06-05,279.8906025,107.30978104166667,2349.81,63.909011875,28.12661125,0,drift
2010-06-06,280.1556189583333,107.31546125,2343.56,63.742935208333336,28.209655208333334,0,drift
2010-06-07,280.26921104166667,107.31974708333334,2380.74,63.281374375,28.434009791666668,0,drift
2010-06-08,280.30925041666666,107.32284583333333,2384.64,63.205880625,28.640923541666666,0,drift
2010-06-09,280.1477860416667,107.32390083333334,2381.92,62.735249375,28.534701666666667,0,drift
2010-06-10,280.19714395833336,107.32209791666666,2377.7,62.61437166666666,28.545821041666667,0,drift
2010-06-11,280.201673125,107.32303479166667,2420.55,62.43513,28.620150416666668,0,drift
2010-06-12,280.1386391666667,107.32222375,2408.2,62.39765166666667,28.379862083333332,0,drift
2010-06-13,279.16933666666665,107.3368125,2434.38,61.17239291666667,28.726813958333334,0,drift
2010-06-14,279.2943062444505,107.33791903880424,2391.83,61.49629262570987,28.672511633406078,0,drift
2010-06-15,280.01325625,107.32576833333333,2383.61,62.25338833333333,28.524832708333335,0,drift
2010-06-16,280.72537708333334,107.31361229166667,2353.23,63.106740625,28.46339875,0,drift
2010-06-17,280.168830625,107.32398833333333,2377.86,62.16803083333333,28.623449166666667,0,drift
2010-06-18,280.250155,107.32423,2370.38,62.203108541666666,28.357581458333332,0,drift
2010-06-19,285.7647354214372,107.25560544705807,1944.86,67.41954470037173,24.941117666994725,0,drift
2010-06-20,279.19947041666666,107.36050020833333,2342.72,60.12746125,28.756911458333335,0,drift
2010-06-21,279.161695,107.35629125,2347.6,60.184038541666666,29.290514583333334,0,drift
2010-06-22,279.6846433333333,107.34541791666666,2329.46,60.778354375,29.24360666666667,0,drift
2010-06-23,280.15347520833336,107.337375625,2314.21,61.37778083333333,29.139970833333333,0,drift
2010-06-24,280.642431875,107.32702854166666,2312.64,61.75430333333333,29.14215,0,drift
2010-06-25,280.6091529166667,107.31709229166667,2284.2,61.78215895833333,28.998911875,0,drift
2010-06-26,280.7246239583333,107.31479395833334,2281.66,61.709018125,29.008180416666665,0,drift
2010-06-27,280.67656208333335,107.31243354166666,2277.83,61.89988520833333,28.79879229166667,0,drift
2010-06-28,280.8941785416667,107.31278125,2271.85,61.92997770833333,28.838119791666667,0,drift
2010-06-29,281.086125,107.312165625,2266.84,61.828475833333336,28.901213125,0,drift
2010-06-30,281.290853125,107.31232895833334,2262.5,61.584248333333335,29.031925625,0,drift
2010-07-01,281.35335583333335,107.31014791666666,2254.67,61.87559291666667,28.870554583333334,0,drift
2010-07-02,281.0999825,107.31146666666666,2257.16,61.52378770833333,28.859280208333335,0,drift
2010-07-03,273.1631904166667,107.43200854166666,2574.63,51.218363125,26.97101875,0,drift
2010-07-04,271.7962689583333,107.45011625,2607.44,49.49922895833333,25.595346458333335,0,drift
2010-07-05,271.589225,107.45860166666667,2617.56,48.621816458333335,25.782132083333334,0,drift
2010-07-06,271.60107666666664,107.46292354166667,2625.72,47.898625625,26.105228125,0,drift
2010-07-07,271.6342114583333,107.46678,2544.95,47.76154208333333,26.182705416666668,0,drift
2010-07-08,271.793601875,107.46732613541667,2553.36,47.34113979166667,26.3164825,0,drift
2010-07-09,271.94894458333334,107.46732613541667,2555.11,47.062684375,26.550747708333333,0,drift
2010-07-10,278.1548880709782,107.40226458463445,1939.01,52.48523352841089,23.89254650496522,0,drift
2010-07-11,272.995045625,107.46732613541667,2424.14,46.866807916666666,26.880905416666668,0,drift
2010-07-12,276.10576979166666,107.44108791666666,2269.88,50.58750520833333,27.09617104166667,0,drift
2010-07-13,282.698573125,107.325028125,1826.45,58.66446729166667,25.704040625,0,drift
2010-07-14,282.64470916666664,107.31703041666667,1827.73,58.92016375,25.555154791666666,0,drift
2010-07-15,282.560869375,107.31321708333333,1826.06,59.176356041666665,25.344904791666668,0,drift
2010-07-16,282.58217291666665,107.30802770833333,1823.13,59.326508125,25.094488125,0,drift
2010-07-17,282.61154833333336,107.30391375,1815.13,59.35474833333333,25.144131041666668,0,drift
2010-07-18,282.683889375,107.29934520833334,1806.68,59.367608958333335,25.178627708333334,0,drift
2010-07-19,282.69368625,107.29522604166667,1802.24,59.277693125,25.367566875,0,drift
2010-07-20,282.5649852083333,107.2923625,1801.56,59.32218270833334,25.374350833333335,0,drift
2010-07-21,282.613485,107.28790416666666,1792.8,59.32544708333333,25.44616875,0,drift
2010-07-22,282.64768895833333,107.282680625,1784.02,59.22619229166666,25.220058333333334,0,drift
2010-07-23,282.65166604166666,107.28070541666666,1862.91,59.206695208333336,25.255499375,0,drift
2010-07-24,282.65325229166666,107.27948354166666,1864.5,59.238570625,25.480388125,0,drift
2010-07-25,282.7198425,107.27877625,1864.86,59.36582541666667,25.410078958333333,0,drift
2010-07-26,282.820379375,107.27560229166667,1857.44,59.212083125,23.939897291666668,0,drift
2010-07-27,282.78390729166665,107.274265,1859.6,59.344659375,25.133415,0,drift
2010-07-28,282.83396416666665,107.27180125,1857.2,59.16497020833334,25.309939166666666,0,drift
2010-07-29,282.868946875,107.27096875,1854.41,59.18022,25.12089,0,drift
2010-07-30,283.0760875,107.26619541666666,1846.25,59.45030416666667,24.920224375,0,drift
2010-07-31,283.1538233333333,107.26288020833333,1843.09,59.57316895833333,25.068093958333332,0,drift
2010-08-01,283.2274639583333,107.26057958333334,1840.05,59.541438541666665,25.174245833333334,0,drift
2010-08-02,283.1121341666667,107.260600625,1845.51,59.729001458333336,25.083238125,0,drift
2010-08-03,283.03190041666664,107.260405,1842.67,59.88482208333333,25.115897083333333,0,drift
2010-08-04,283.06612020833336,107.25927354166667,1841.26,59.779364375,25.239987916666667,0,drift
2010-08-05,284.6940081418905,107.24997289070934,1571.99,60.15312777829056,23.54027725089515,0,drift
2010-08-06,282.69448166666666,107.28771333333333,1795.62,58.49415520833333,25.930842291666668,0,drift
2010-08-07,286.84558786828,107.23771261347555,1497.63,61.67652114232889,22.49502910945778,0,drift
2010-08-08,282.8808470833333,107.28652729166667,1800.73,58.31833145833333,25.658228958333332,0,drift
2010-08-09,282.8701077083333,107.28277416666667,1813.43,58.561892291666666,25.86965875,0,drift
2010-08-10,282.9763972916667,107.279440625,1819.75,58.76967583333333,25.7362175,0,drift
2010-08-11,283.0092695833333,107.27694958333333,1821.23,58.669865625,25.713078333333332,0,drift
2010-08-12,282.99176270833334,107.2742275,1818.76,58.826779583333334,25.507284583333334,0,drift
2010-08-13,282.9470891666667,107.271990625,1820.43,58.56357895833333,25.246077291666666,0,drift
2010-08-14,282.9505825,107.26895145833333,1821.21,58.50752729166667,25.430407916666667,0,drift
2010-08-15,283.45310482946445,107.26547126317845,1728.56,59.0877552229397,25.26008644613404,0,drift
2010-08-29,301.5204796382979,106.83834565957447,1070.35,84.38783108510638,2.493880638297872,0,drift
2010-08-30,299.9481525,106.94077208333333,1242.2,84.87463854166667,11.324139583333332,0,drift
2010-08-31,301.90797291666667,106.90351645833333,1125.98,87.16642208333333,12.581263333333334,0,drift
2010-09-01,302.64693806434644,106.86057634059325,983.23,87.01283135173365,10.716207138774344,0,drift
2010-09-02,286.790205625,107.15346270833334,1940.09,70.12866479166667,21.82637875,0,drift
2010-09-03,284.1742725,107.20856104166667,2007.25,66.36029145833334,25.092688125,0,drift
2010-09-04,282.11508729166667,107.24907270833333,2080.81,62.994737916666665,26.74680375,0,drift
2010-09-05,281.6915925,107.2591125,2071.12,61.80144583333333,27.4892525,0,drift
2010-09-06,281.7663670833333,107.26075791666666,2041.11,61.388762916666664,27.772540208333332,0,drift
2010-09-07,281.90042625,107.25920875,2037.38,61.2252175,27.82602875,0,drift
2010-09-08,282.0684795833333,107.256951875,2016.26,60.926189791666665,27.981900416666665,0,drift
2010-09-09,282.389815,107.253835625,2000.42,60.725138333333334,28.180418958333334,0,drift
2010-09-10,282.50113416666665,107.252475625,1893.54,60.326960625,28.402952291666665,0,drift
2010-09-11,282.3156358333333,107.2544675,1907.68,59.504941458333334,28.794645833333334,0,drift
2010-09-12,276.72307166666667,107.35023854166667,2023.3,51.72644708333333,30.019828125,0,drift
2010-09-13,276.299638125,107.36802354166667,1968.77,50.885910833333334,28.090213333333335,0,drift
2010-09-14,275.09626875,107.38667625,2038.68,48.62125520833333,28.022838125,0,drift
2010-09-15,274.68244458333334,107.40260229166667,2055.21,47.273257083333334,28.449194791666667,0,drift
2010-09-16,275.0958031914894,107.40067276595745,2047.27,46.97080404255319,28.49668170212766,0,drift
2010-09-17,275.57278808510637,107.38401680851064,2048.29,46.17183255319149,28.782771489361703,0,drift
2010-09-18,282.67855241745775,107.28690182851555,1452.33,52.01959787744445,25.10319965517778,0,drift
2010-09-19,275.8654002083333,107.37721541666667,1870.38,45.008295625,28.403298125,0,drift
2010-09-20,279.42219345054315,107.3400111442206,1456.41,49.22335436044494,26.82973277849175,0,drift
2010-09-24,274.53673219218246,107.343654220315,1827.69,59.070583320897775,11.089254110781276,0,drift
2010-09-25,267.08074875,107.46732613541667,2119.34,55.09092104166667,19.99838125,0,drift
2010-09-26,268.50918877750183,107.46732613541667,1959.45,55.693608135182195,20.046880061394262,0,drift
2010-09-27,266.34830354166667,107.46732613541667,2083.05,53.46831604166667,21.929251458333333,0,drift
2010-09-28,266.7956639583333,107.46732613541667,2048.5,53.227115625,22.285118333333333,0,drift
2010-09-29,267.0220654166667,107.46732613541667,2023.29,52.77241,22.47581041666667,0,drift
2010-10-01,276.82210395833334,107.336223125,1549.02,57.540890833333336,14.811158541666666,0,drift
2010-10-02,267.9231991666667,107.46732613541667,1975.26,52.648147916666666,22.018536458333333,0,drift
2010-10-03,271.39241979166667,107.46407520833333,1895.18,55.144002916666665,22.6454425,0,drift
2010-10-04,279.90127416666667,107.362969375,1400.07,61.4895025,20.96971875,0,drift
2010-10-05,284.4167052083333,107.25907083333334,1145.88,63.38717895833334,17.10199125,0,drift
2010-10-06,273.0286185416667,107.439489375,1836.44,55.75870020833333,22.9161375,0,drift
2010-10-07,272.570135625,107.44251395833334,1846.83,55.12626645833333,23.244958958333335,0,drift
2010-10-08,281.60419911958644,107.31298218338038,876.19,61.89753451502116,17.117805706718276,0,drift
2010-10-09,272.95761791666666,107.4258675,1790.64,54.64780833333333,22.892735,0,drift
2010-10-10,272.75798583333335,107.40369291666667,1778.2,54.510514375,23.286308333333334,0,drift
2010-10-11,253.85198276595744,105.57433902849137,1764.81,54.269222978723406,23.37899510638298,0,drift
